year,state,home_ownership
1984,WV,72.0
1985,WV,75.9
1986,WV,76.4
1987,WV,72.5
1988,WV,73.2
1989,WV,74.8
1990,WV,72.0
1991,WV,72.4
1992,WV,73.3
1993,WV,73.3
1994,WV,73.7
1995,WV,73.1
1996,WV,74.3
1997,WV,74.6
1998,WV,74.8
1999,WV,74.8
2000,WV,75.9
2001,WV,76.4
2002,WV,77.2
2003,WV,78.1
2004,WV,80.3
2005,WV,81.3
2006,WV,78.4
2007,WV,77.6
2008,WV,77.8
2009,WV,78.7
2010,WV,79.0
2011,WV,78.7
2012,WV,75.8
2013,WV,76.8
2014,WV,75.6
2015,WV,74.9
2016,WV,74.8
2017,WV,75.1
2018,WV,74.7
2019,WV,75.6
2020,WV,78.2
2021,WV,79.0
2022,WV,78.6
2023,WV,77.0
1984,FL,66.5
1985,FL,67.2
1986,FL,66.5
1987,FL,66.3
1988,FL,64.9
1989,FL,64.4
1990,FL,65.1
1991,FL,66.1
1992,FL,66.0
1993,FL,65.5
1994,FL,65.7
1995,FL,66.6
1996,FL,67.1
1997,FL,66.9
1998,FL,66.9
1999,FL,67.6
2000,FL,68.4
2001,FL,69.2
2002,FL,68.7
2003,FL,69.5
2004,FL,72.2
2005,FL,72.4
2006,FL,72.4
2007,FL,71.8
2008,FL,71.1
2009,FL,70.9
2010,FL,69.3
2011,FL,69.0
2012,FL,67.0
2013,FL,66.1
2014,FL,64.9
2015,FL,64.8
2016,FL,64.3
2017,FL,64.1
2018,FL,65.5
2019,FL,66.0
2020,FL,68.7
2021,FL,67.2
2022,FL,67.3
2023,FL,67.3
1984,IL,62.4
1985,IL,60.6
1986,IL,60.9
1987,IL,61.0
1988,IL,61.4
1989,IL,61.9
1990,IL,63.0
1991,IL,63.0
1992,IL,62.4
1993,IL,61.8
1994,IL,64.2
1995,IL,66.4
1996,IL,68.2
1997,IL,68.1
1998,IL,68.0
1999,IL,67.1
2000,IL,67.9
2001,IL,69.4
2002,IL,70.1
2003,IL,70.7
2004,IL,72.7
2005,IL,70.9
2006,IL,70.4
2007,IL,69.4
2008,IL,68.9
2009,IL,69.1
2010,IL,68.8
2011,IL,68.4
2012,IL,66.8
2013,IL,67.2
2014,IL,66.4
2015,IL,65.4
2016,IL,65.3
2017,IL,65.4
2018,IL,66.0
2019,IL,65.1
2020,IL,67.3
2021,IL,68.3
2022,IL,66.7
2023,IL,67.8
1984,MN,72.6
1985,MN,70.0
1986,MN,68.0
1987,MN,68.9
1988,MN,69.1
1989,MN,68.3
1990,MN,68.0
1991,MN,68.9
1992,MN,66.7
1993,MN,65.8
1994,MN,68.9
1995,MN,73.3
1996,MN,75.4
1997,MN,75.4
1998,MN,75.4
1999,MN,76.1
2000,MN,76.1
2001,MN,76.1
2002,MN,77.3
2003,MN,77.2
2004,MN,76.4
2005,MN,76.5
2006,MN,75.6
2007,MN,73.5
2008,MN,73.1
2009,MN,72.9
2010,MN,72.6
2011,MN,71.3
2012,MN,72.0
2013,MN,73.4
2014,MN,71.4
2015,MN,70.1
2016,MN,72.4
2017,MN,72.7
2018,MN,69.8
2019,MN,71.4
2020,MN,74.5
2021,MN,75.6
2022,MN,75.1
2023,MN,74.0
1984,MD,67.8
1985,MD,65.6
1986,MD,62.8
1987,MD,62.7
1988,MD,63.5
1989,MD,65.5
1990,MD,64.9
1991,MD,63.8
1992,MD,64.8
1993,MD,65.5
1994,MD,64.1
1995,MD,65.8
1996,MD,66.9
1997,MD,70.5
1998,MD,68.7
1999,MD,69.6
2000,MD,69.9
2001,MD,70.7
2002,MD,72.0
2003,MD,71.6
2004,MD,72.1
2005,MD,71.2
2006,MD,72.6
2007,MD,71.7
2008,MD,70.6
2009,MD,69.6
2010,MD,68.9
2011,MD,69.7
2012,MD,68.5
2013,MD,66.9
2014,MD,66.2
2015,MD,67.1
2016,MD,66.5
2017,MD,66.9
2018,MD,66.6
2019,MD,68.8
2020,MD,72.0
2021,MD,69.7
2022,MD,71.8
2023,MD,71.6
1984,RI,60.9
1985,RI,61.4
1986,RI,62.2
1987,RI,60.4
1988,RI,62.0
1989,RI,61.2
1990,RI,58.5
1991,RI,58.2
1992,RI,56.8
1993,RI,57.6
1994,RI,56.5
1995,RI,57.9
1996,RI,56.6
1997,RI,58.7
1998,RI,59.8
1999,RI,60.6
2000,RI,61.5
2001,RI,60.1
2002,RI,59.4
2003,RI,59.9
2004,RI,61.5
2005,RI,63.1
2006,RI,64.6
2007,RI,64.9
2008,RI,64.5
2009,RI,62.9
2010,RI,62.8
2011,RI,63.4
2012,RI,62.1
2013,RI,61.5
2014,RI,61.8
2015,RI,58.9
2016,RI,56.3
2017,RI,56.6
2018,RI,60.7
2019,RI,63.8
2020,RI,64.5
2021,RI,62.8
2022,RI,65.8
2023,RI,64.4
1984,ID,69.7
1985,ID,71.0
1986,ID,69.8
1987,ID,71.6
1988,ID,71.5
1989,ID,70.2
1990,ID,69.4
1991,ID,68.4
1992,ID,70.3
1993,ID,72.1
1994,ID,70.7
1995,ID,72.0
1996,ID,71.4
1997,ID,72.3
1998,ID,72.6
1999,ID,70.3
2000,ID,70.5
2001,ID,71.7
2002,ID,73.0
2003,ID,74.4
2004,ID,73.7
2005,ID,74.2
2006,ID,75.1
2007,ID,74.5
2008,ID,75.0
2009,ID,75.5
2010,ID,72.4
2011,ID,72.4
2012,ID,73.0
2013,ID,71.5
2014,ID,69.6
2015,ID,70.0
2016,ID,70.5
2017,ID,69.9
2018,ID,69.2
2019,ID,70.6
2020,ID,71.5
2021,ID,71.0
2022,ID,71.3
2023,ID,71.0
1984,NH,67.1
1985,NH,65.5
1986,NH,64.8
1987,NH,66.4
1988,NH,67.9
1989,NH,67.0
1990,NH,65.0
1991,NH,66.8
1992,NH,66.6
1993,NH,65.4
1994,NH,65.1
1995,NH,66.0
1996,NH,65.0
1997,NH,66.8
1998,NH,69.6
1999,NH,70.2
2000,NH,69.2
2001,NH,68.4
2002,NH,69.5
2003,NH,74.4
2004,NH,73.3
2005,NH,74.0
2006,NH,74.2
2007,NH,73.8
2008,NH,75.0
2009,NH,76.0
2010,NH,74.9
2011,NH,74.1
2012,NH,74.8
2013,NH,74.1
2014,NH,72.2
2015,NH,71.6
2016,NH,71.8
2017,NH,71.6
2018,NH,73.4
2019,NH,75.0
2020,NH,74.5
2021,NH,74.0
2022,NH,74.6
2023,NH,74.3
1984,NC,68.8
1985,NC,68.0
1986,NC,68.2
1987,NC,68.4
1988,NC,68.3
1989,NC,69.4
1990,NC,69.0
1991,NC,69.3
1992,NC,68.6
1993,NC,68.8
1994,NC,68.7
1995,NC,70.1
1996,NC,70.4
1997,NC,70.2
1998,NC,71.3
1999,NC,71.7
2000,NC,71.1
2001,NC,71.3
2002,NC,70.0
2003,NC,70.0
2004,NC,69.8
2005,NC,70.9
2006,NC,70.2
2007,NC,70.3
2008,NC,69.4
2009,NC,70.1
2010,NC,69.5
2011,NC,68.3
2012,NC,67.2
2013,NC,67.3
2014,NC,66.4
2015,NC,65.2
2016,NC,65.7
2017,NC,66.3
2018,NC,65.2
2019,NC,65.1
2020,NC,68.7
2021,NC,65.8
2022,NC,65.9
2023,NC,66.9
1984,VT,66.9
1985,VT,69.5
1986,VT,69.8
1987,VT,70.5
1988,VT,68.7
1989,VT,69.7
1990,VT,72.6
1991,VT,70.8
1992,VT,70.8
1993,VT,68.5
1994,VT,69.4
1995,VT,70.4
1996,VT,70.3
1997,VT,69.1
1998,VT,69.1
1999,VT,69.1
2000,VT,68.7
2001,VT,69.8
2002,VT,70.3
2003,VT,71.4
2004,VT,72.0
2005,VT,74.2
2006,VT,74.0
2007,VT,73.7
2008,VT,72.8
2009,VT,74.3
2010,VT,73.6
2011,VT,74.6
2012,VT,73.4
2013,VT,73.0
2014,VT,73.5
2015,VT,71.8
2016,VT,71.3
2017,VT,71.1
2018,VT,71.4
2019,VT,70.9
2020,VT,73.1
2021,VT,73.9
2022,VT,72.7
2023,VT,73.7
1984,CT,67.8
1985,CT,69.0
1986,CT,68.1
1987,CT,67.0
1988,CT,66.5
1989,CT,66.4
1990,CT,67.9
1991,CT,65.5
1992,CT,66.1
1993,CT,64.5
1994,CT,63.8
1995,CT,68.2
1996,CT,69.0
1997,CT,68.1
1998,CT,69.3
1999,CT,69.1
2000,CT,70.0
2001,CT,71.8
2002,CT,71.5
2003,CT,73.0
2004,CT,71.7
2005,CT,70.5
2006,CT,71.1
2007,CT,70.3
2008,CT,70.7
2009,CT,70.5
2010,CT,70.8
2011,CT,70.6
2012,CT,68.8
2013,CT,68.5
2014,CT,67.4
2015,CT,66.5
2016,CT,64.2
2017,CT,66.1
2018,CT,65.3
2019,CT,64.3
2020,CT,66.9
2021,CT,66.1
2022,CT,64.8
2023,CT,68.2
1984,DE,70.4
1985,DE,70.3
1986,DE,71.0
1987,DE,71.1
1988,DE,70.1
1989,DE,68.7
1990,DE,67.7
1991,DE,70.2
1992,DE,73.8
1993,DE,74.1
1994,DE,70.5
1995,DE,71.7
1996,DE,71.5
1997,DE,69.2
1998,DE,71.0
1999,DE,71.6
2000,DE,72.0
2001,DE,75.4
2002,DE,75.6
2003,DE,77.2
2004,DE,77.3
2005,DE,75.8
2006,DE,76.8
2007,DE,76.8
2008,DE,76.2
2009,DE,76.5
2010,DE,74.7
2011,DE,74.2
2012,DE,73.4
2013,DE,74.1
2014,DE,74.3
2015,DE,73.3
2016,DE,73.0
2017,DE,70.0
2018,DE,70.8
2019,DE,73.1
2020,DE,77.9
2021,DE,73.5
2022,DE,74.9
2023,DE,75.7
1984,NM,68.0
1985,NM,68.2
1986,NM,67.8
1987,NM,67.2
1988,NM,65.4
1989,NM,65.5
1990,NM,68.6
1991,NM,69.5
1992,NM,70.5
1993,NM,69.1
1994,NM,66.8
1995,NM,67.0
1996,NM,67.1
1997,NM,69.6
1998,NM,71.3
1999,NM,72.6
2000,NM,73.7
2001,NM,70.8
2002,NM,70.0
2003,NM,70.3
2004,NM,71.5
2005,NM,71.4
2006,NM,72.0
2007,NM,71.5
2008,NM,70.4
2009,NM,69.1
2010,NM,68.6
2011,NM,69.1
2012,NM,66.8
2013,NM,67.3
2014,NM,66.3
2015,NM,66.5
2016,NM,67.4
2017,NM,66.6
2018,NM,68.0
2019,NM,67.4
2020,NM,70.3
2021,NM,69.0
2022,NM,71.1
2023,NM,70.3
1984,CA,53.7
1985,CA,54.2
1986,CA,53.8
1987,CA,54.3
1988,CA,54.4
1989,CA,53.6
1990,CA,53.8
1991,CA,54.5
1992,CA,55.3
1993,CA,56.0
1994,CA,55.5
1995,CA,55.4
1996,CA,55.0
1997,CA,55.7
1998,CA,56.0
1999,CA,55.7
2000,CA,57.1
2001,CA,58.2
2002,CA,57.7
2003,CA,58.9
2004,CA,59.7
2005,CA,59.7
2006,CA,60.2
2007,CA,58.3
2008,CA,57.5
2009,CA,57.0
2010,CA,56.1
2011,CA,55.3
2012,CA,54.5
2013,CA,54.3
2014,CA,54.2
2015,CA,54.3
2016,CA,53.8
2017,CA,54.4
2018,CA,55.1
2019,CA,54.8
2020,CA,55.9
2021,CA,54.2
2022,CA,55.3
2023,CA,55.8
1984,NJ,63.4
1985,NJ,62.3
1986,NJ,63.3
1987,NJ,64.0
1988,NJ,64.8
1989,NJ,65.7
1990,NJ,65.0
1991,NJ,64.8
1992,NJ,64.6
1993,NJ,64.5
1994,NJ,64.1
1995,NJ,64.9
1996,NJ,64.6
1997,NJ,63.1
1998,NJ,63.1
1999,NJ,64.5
2000,NJ,66.2
2001,NJ,66.5
2002,NJ,66.9
2003,NJ,66.9
2004,NJ,68.8
2005,NJ,70.1
2006,NJ,69.0
2007,NJ,68.3
2008,NJ,67.3
2009,NJ,65.9
2010,NJ,66.5
2011,NJ,66.4
2012,NJ,66.6
2013,NJ,64.9
2014,NJ,65.2
2015,NJ,64.0
2016,NJ,62.2
2017,NJ,64.1
2018,NJ,65.0
2019,NJ,65.0
2020,NJ,64.3
2021,NJ,62.7
2022,NJ,64.2
2023,NJ,62.7
1984,WI,65.2
1985,WI,63.8
1986,WI,66.5
1987,WI,68.2
1988,WI,68.0
1989,WI,69.3
1990,WI,68.3
1991,WI,68.9
1992,WI,69.4
1993,WI,65.7
1994,WI,64.2
1995,WI,67.5
1996,WI,68.2
1997,WI,68.3
1998,WI,70.1
1999,WI,70.9
2000,WI,71.8
2001,WI,72.3
2002,WI,72.2
2003,WI,72.8
2004,WI,73.3
2005,WI,71.1
2006,WI,70.2
2007,WI,70.5
2008,WI,70.4
2009,WI,70.4
2010,WI,71.0
2011,WI,68.5
2012,WI,67.5
2013,WI,68.5
2014,WI,67.8
2015,WI,66.6
2016,WI,67.7
2017,WI,68.0
2018,WI,67.9
2019,WI,66.1
2020,WI,67.9
2021,WI,68.3
2022,WI,70.0
2023,WI,69.2
1984,OR,61.9
1985,OR,61.5
1986,OR,63.9
1987,OR,64.6
1988,OR,64.0
1989,OR,63.4
1990,OR,64.4
1991,OR,65.2
1992,OR,64.3
1993,OR,63.8
1994,OR,63.9
1995,OR,63.2
1996,OR,63.1
1997,OR,61.0
1998,OR,63.4
1999,OR,64.3
2000,OR,65.3
2001,OR,65.8
2002,OR,66.2
2003,OR,68.0
2004,OR,69.0
2005,OR,68.2
2006,OR,68.1
2007,OR,65.7
2008,OR,66.2
2009,OR,68.2
2010,OR,66.3
2011,OR,66.4
2012,OR,66.1
2013,OR,64.2
2014,OR,62.8
2015,OR,61.1
2016,OR,62.6
2017,OR,61.8
2018,OR,62.0
2019,OR,62.4
2020,OR,65.2
2021,OR,65.8
2022,OR,64.9
2023,OR,64.1
1984,NE,69.3
1985,NE,68.5
1986,NE,68.3
1987,NE,66.8
1988,NE,66.6
1989,NE,67.2
1990,NE,67.3
1991,NE,67.5
1992,NE,68.4
1993,NE,67.7
1994,NE,68.0
1995,NE,67.1
1996,NE,66.8
1997,NE,66.7
1998,NE,69.9
1999,NE,70.9
2000,NE,70.2
2001,NE,70.1
2002,NE,68.5
2003,NE,69.5
2004,NE,71.2
2005,NE,70.2
2006,NE,67.6
2007,NE,68.2
2008,NE,69.6
2009,NE,70.2
2010,NE,70.4
2011,NE,68.9
2012,NE,69.3
2013,NE,68.2
2014,NE,66.7
2015,NE,68.1
2016,NE,68.0
2017,NE,66.1
2018,NE,66.4
2019,NE,68.2
2020,NE,69.8
2021,NE,68.4
2022,NE,69.0
2023,NE,68.4
1984,PA,71.1
1985,PA,71.6
1986,PA,72.3
1987,PA,71.8
1988,PA,72.1
1989,PA,72.8
1990,PA,73.8
1991,PA,74.0
1992,PA,73.1
1993,PA,72.0
1994,PA,71.8
1995,PA,71.5
1996,PA,71.7
1997,PA,73.3
1998,PA,73.9
1999,PA,75.2
2000,PA,74.7
2001,PA,74.3
2002,PA,74.0
2003,PA,73.7
2004,PA,74.9
2005,PA,73.3
2006,PA,73.2
2007,PA,72.9
2008,PA,72.6
2009,PA,72.2
2010,PA,72.2
2011,PA,71.1
2012,PA,71.0
2013,PA,71.5
2014,PA,69.7
2015,PA,69.6
2016,PA,68.5
2017,PA,68.6
2018,PA,69.9
2019,PA,69.2
2020,PA,69.9
2021,PA,70.2
2022,PA,70.7
2023,PA,71.0
1984,WA,65.7
1985,WA,66.8
1986,WA,65.1
1987,WA,64.4
1988,WA,64.2
1989,WA,64.2
1990,WA,61.8
1991,WA,61.8
1992,WA,62.5
1993,WA,63.1
1994,WA,62.4
1995,WA,61.6
1996,WA,63.1
1997,WA,62.9
1998,WA,64.9
1999,WA,64.8
2000,WA,63.6
2001,WA,66.4
2002,WA,66.9
2003,WA,65.9
2004,WA,66.0
2005,WA,67.6
2006,WA,66.7
2007,WA,66.8
2008,WA,66.2
2009,WA,65.5
2010,WA,64.4
2011,WA,64.2
2012,WA,63.5
2013,WA,62.7
2014,WA,63.6
2015,WA,62.6
2016,WA,61.6
2017,WA,63.6
2018,WA,64.9
2019,WA,63.8
2020,WA,64.1
2021,WA,63.4
2022,WA,66.6
2023,WA,66.3
1984,LA,70.1
1985,LA,70.2
1986,LA,70.4
1987,LA,71.0
1988,LA,68.5
1989,LA,66.3
1990,LA,67.8
1991,LA,68.9
1992,LA,66.7
1993,LA,65.4
1994,LA,65.8
1995,LA,65.3
1996,LA,64.9
1997,LA,66.4
1998,LA,66.6
1999,LA,66.8
2000,LA,68.1
2001,LA,67.1
2002,LA,67.4
2003,LA,67.5
2004,LA,70.6
2005,LA,72.5
2006,LA,71.3
2007,LA,71.5
2008,LA,73.5
2009,LA,71.9
2010,LA,70.4
2011,LA,70.1
2012,LA,68.7
2013,LA,67.8
2014,LA,65.3
2015,LA,63.3
2016,LA,64.2
2017,LA,66.1
2018,LA,65.7
2019,LA,65.6
2020,LA,69.1
2021,LA,68.9
2022,LA,69.6
2023,LA,67.3
1984,GA,63.6
1985,GA,62.7
1986,GA,62.4
1987,GA,63.9
1988,GA,64.8
1989,GA,64.7
1990,GA,64.3
1991,GA,65.7
1992,GA,66.9
1993,GA,66.5
1994,GA,63.4
1995,GA,66.6
1996,GA,69.3
1997,GA,70.9
1998,GA,71.2
1999,GA,71.3
2000,GA,69.8
2001,GA,70.1
2002,GA,71.8
2003,GA,71.4
2004,GA,70.9
2005,GA,67.9
2006,GA,68.5
2007,GA,67.6
2008,GA,68.2
2009,GA,67.4
2010,GA,67.1
2011,GA,66.2
2012,GA,64.3
2013,GA,64.2
2014,GA,62.9
2015,GA,62.9
2016,GA,62.3
2017,GA,62.8
2018,GA,63.8
2019,GA,64.4
2020,GA,67.3
2021,GA,64.0
2022,GA,64.7
2023,GA,65.5
1984,AL,73.7
1985,AL,70.4
1986,AL,70.3
1987,AL,67.9
1988,AL,66.5
1989,AL,67.6
1990,AL,68.4
1991,AL,69.9
1992,AL,70.3
1993,AL,70.2
1994,AL,68.5
1995,AL,70.1
1996,AL,71.0
1997,AL,71.3
1998,AL,72.9
1999,AL,74.8
2000,AL,73.2
2001,AL,73.2
2002,AL,73.7
2003,AL,76.2
2004,AL,78.0
2005,AL,76.6
2006,AL,74.2
2007,AL,73.3
2008,AL,73.0
2009,AL,74.1
2010,AL,73.2
2011,AL,72.9
2012,AL,71.9
2013,AL,72.7
2014,AL,72.1
2015,AL,70.0
2016,AL,69.7
2017,AL,70.0
2018,AL,70.3
2019,AL,70.7
2020,AL,74.8
2021,AL,73.4
2022,AL,72.1
2023,AL,73.8
1984,UT,69.9
1985,UT,71.5
1986,UT,68.0
1987,UT,69.0
1988,UT,70.2
1989,UT,70.4
1990,UT,70.1
1991,UT,70.7
1992,UT,70.0
1993,UT,68.9
1994,UT,69.3
1995,UT,71.5
1996,UT,72.7
1997,UT,72.5
1998,UT,73.7
1999,UT,74.7
2000,UT,72.7
2001,UT,72.4
2002,UT,72.8
2003,UT,73.4
2004,UT,74.9
2005,UT,73.9
2006,UT,73.5
2007,UT,74.9
2008,UT,76.2
2009,UT,74.1
2010,UT,72.5
2011,UT,71.4
2012,UT,71.1
2013,UT,70.9
2014,UT,70.9
2015,UT,69.9
2016,UT,71.3
2017,UT,71.0
2018,UT,72.2
2019,UT,71.9
2020,UT,71.7
2021,UT,68.8
2022,UT,71.2
2023,UT,70.3
1984,OH,67.7
1985,OH,67.9
1986,OH,68.2
1987,OH,68.6
1988,OH,69.6
1989,OH,69.6
1990,OH,68.7
1991,OH,68.7
1992,OH,69.1
1993,OH,68.5
1994,OH,67.4
1995,OH,67.9
1996,OH,69.2
1997,OH,69.0
1998,OH,70.7
1999,OH,70.7
2000,OH,71.3
2001,OH,71.2
2002,OH,72.1
2003,OH,72.8
2004,OH,73.1
2005,OH,73.3
2006,OH,72.1
2007,OH,71.4
2008,OH,70.8
2009,OH,69.7
2010,OH,69.7
2011,OH,68.9
2012,OH,67.9
2013,OH,67.9
2014,OH,67.3
2015,OH,66.4
2016,OH,66.1
2017,OH,66.0
2018,OH,67.3
2019,OH,68.2
2020,OH,69.4
2021,OH,67.4
2022,OH,66.0
2023,OH,66.6
1984,TX,62.5
1985,TX,60.5
1986,TX,61.0
1987,TX,61.1
1988,TX,59.9
1989,TX,61.0
1990,TX,59.7
1991,TX,59.0
1992,TX,58.3
1993,TX,58.7
1994,TX,59.7
1995,TX,61.4
1996,TX,61.8
1997,TX,61.5
1998,TX,62.5
1999,TX,62.9
2000,TX,63.8
2001,TX,63.9
2002,TX,63.4
2003,TX,64.5
2004,TX,65.5
2005,TX,65.9
2006,TX,66.0
2007,TX,66.0
2008,TX,65.5
2009,TX,65.4
2010,TX,65.3
2011,TX,64.3
2012,TX,64.3
2013,TX,63.3
2014,TX,62.2
2015,TX,61.9
2016,TX,61.5
2017,TX,61.7
2018,TX,62.7
2019,TX,62.4
2020,TX,66.5
2021,TX,64.1
2022,TX,63.6
2023,TX,63.6
1984,CO,64.7
1985,CO,63.6
1986,CO,63.7
1987,CO,61.8
1988,CO,60.1
1989,CO,58.6
1990,CO,59.0
1991,CO,59.8
1992,CO,60.9
1993,CO,61.8
1994,CO,62.9
1995,CO,64.6
1996,CO,64.5
1997,CO,64.1
1998,CO,65.2
1999,CO,68.1
2000,CO,68.3
2001,CO,68.5
2002,CO,68.9
2003,CO,71.3
2004,CO,71.1
2005,CO,71.0
2006,CO,70.1
2007,CO,70.2
2008,CO,69.0
2009,CO,68.4
2010,CO,68.5
2011,CO,65.9
2012,CO,65.3
2013,CO,64.4
2014,CO,65.0
2015,CO,63.6
2016,CO,62.4
2017,CO,63.7
2018,CO,64.4
2019,CO,64.7
2020,CO,64.9
2021,CO,65.9
2022,CO,67.4
2023,CO,67.2
1984,SC,69.1
1985,SC,72.0
1986,SC,70.3
1987,SC,72.8
1988,SC,73.8
1989,SC,71.0
1990,SC,71.4
1991,SC,73.1
1992,SC,71.0
1993,SC,71.1
1994,SC,72.0
1995,SC,71.3
1996,SC,72.9
1997,SC,74.1
1998,SC,76.6
1999,SC,77.1
2000,SC,76.5
2001,SC,76.1
2002,SC,77.5
2003,SC,75.0
2004,SC,76.2
2005,SC,73.9
2006,SC,74.2
2007,SC,74.1
2008,SC,73.9
2009,SC,74.4
2010,SC,74.8
2011,SC,74.2
2012,SC,71.5
2013,SC,72.4
2014,SC,72.9
2015,SC,67.1
2016,SC,68.9
2017,SC,72.8
2018,SC,72.0
2019,SC,72.6
2020,SC,73.6
2021,SC,73.2
2022,SC,74.7
2023,SC,73.0
1984,OK,71.0
1985,OK,70.5
1986,OK,69.7
1987,OK,70.9
1988,OK,72.1
1989,OK,71.4
1990,OK,70.3
1991,OK,69.2
1992,OK,68.9
1993,OK,70.3
1994,OK,68.5
1995,OK,69.8
1996,OK,68.4
1997,OK,68.5
1998,OK,69.7
1999,OK,71.5
2000,OK,72.7
2001,OK,71.5
2002,OK,69.6
2003,OK,69.1
2004,OK,71.1
2005,OK,72.9
2006,OK,71.6
2007,OK,70.3
2008,OK,70.4
2009,OK,69.6
2010,OK,69.2
2011,OK,69.4
2012,OK,68.8
2013,OK,69.9
2014,OK,69.3
2015,OK,67.4
2016,OK,66.8
2017,OK,68.9
2018,OK,69.5
2019,OK,68.8
2020,OK,71.0
2021,OK,67.0
2022,OK,68.5
2023,OK,68.0
1984,TN,67.6
1985,TN,67.6
1986,TN,67.4
1987,TN,67.2
1988,TN,66.9
1989,TN,67.3
1990,TN,68.3
1991,TN,68.0
1992,TN,67.4
1993,TN,64.1
1994,TN,65.2
1995,TN,67.0
1996,TN,68.8
1997,TN,70.2
1998,TN,71.3
1999,TN,71.9
2000,TN,70.9
2001,TN,69.7
2002,TN,70.3
2003,TN,70.8
2004,TN,71.6
2005,TN,72.4
2006,TN,71.3
2007,TN,70.2
2008,TN,71.7
2009,TN,71.1
2010,TN,71.0
2011,TN,69.3
2012,TN,67.9
2013,TN,66.8
2014,TN,66.7
2015,TN,66.5
2016,TN,66.4
2017,TN,67.2
2018,TN,68.0
2019,TN,68.8
2020,TN,70.0
2021,TN,67.7
2022,TN,67.3
2023,TN,68.9
1984,WY,68.8
1985,WY,73.2
1986,WY,72.0
1987,WY,68.9
1988,WY,67.8
1989,WY,69.6
1990,WY,68.9
1991,WY,68.7
1992,WY,67.9
1993,WY,67.1
1994,WY,65.8
1995,WY,69.0
1996,WY,68.0
1997,WY,67.6
1998,WY,70.0
1999,WY,69.8
2000,WY,71.0
2001,WY,73.5
2002,WY,73.0
2003,WY,72.9
2004,WY,72.8
2005,WY,72.8
2006,WY,73.7
2007,WY,73.2
2008,WY,73.3
2009,WY,73.8
2010,WY,73.4
2011,WY,71.1
2012,WY,70.3
2013,WY,70.5
2014,WY,70.8
2015,WY,69.9
2016,WY,70.2
2017,WY,70.4
2018,WY,71.1
2019,WY,71.3
2020,WY,73.9
2021,WY,72.1
2022,WY,75.3
2023,WY,74.5
1984,HI,50.7
1985,HI,51.0
1986,HI,50.9
1987,HI,50.7
1988,HI,53.2
1989,HI,54.7
1990,HI,55.5
1991,HI,55.2
1992,HI,53.8
1993,HI,52.8
1994,HI,52.3
1995,HI,50.2
1996,HI,50.6
1997,HI,50.2
1998,HI,52.8
1999,HI,56.6
2000,HI,55.2
2001,HI,55.5
2002,HI,57.9
2003,HI,58.3
2004,HI,60.6
2005,HI,59.8
2006,HI,59.9
2007,HI,60.1
2008,HI,59.1
2009,HI,59.5
2010,HI,56.1
2011,HI,55.4
2012,HI,57.2
2013,HI,57.3
2014,HI,58.4
2015,HI,59.3
2016,HI,57.7
2017,HI,55.9
2018,HI,59.5
2019,HI,60.0
2020,HI,58.8
2021,HI,58.1
2022,HI,59.2
2023,HI,61.8
1984,ND,70.1
1985,ND,69.9
1986,ND,69.2
1987,ND,68.9
1988,ND,67.7
1989,ND,67.1
1990,ND,67.2
1991,ND,65.4
1992,ND,63.7
1993,ND,62.7
1994,ND,63.3
1995,ND,67.3
1996,ND,68.2
1997,ND,68.1
1998,ND,68.0
1999,ND,70.1
2000,ND,70.7
2001,ND,71.0
2002,ND,69.4
2003,ND,68.7
2004,ND,70.0
2005,ND,68.5
2006,ND,68.3
2007,ND,66.0
2008,ND,66.6
2009,ND,65.7
2010,ND,67.1
2011,ND,68.3
2012,ND,66.2
2013,ND,68.0
2014,ND,64.5
2015,ND,61.8
2016,ND,61.4
2017,ND,62.6
2018,ND,61.9
2019,ND,61.4
2020,ND,64.2
2021,ND,63.5
2022,ND,65.4
2023,ND,65.7
1984,KY,70.2
1985,KY,68.5
1986,KY,68.1
1987,KY,67.6
1988,KY,65.4
1989,KY,64.9
1990,KY,65.8
1991,KY,67.2
1992,KY,69.0
1993,KY,68.76
1994,KY,70.6
1995,KY,71.2
1996,KY,73.2
1997,KY,75.0
1998,KY,75.1
1999,KY,73.9
2000,KY,73.4
2001,KY,73.9
2002,KY,73.7
2003,KY,74.4
2004,KY,73.3
2005,KY,71.6
2006,KY,71.7
2007,KY,72.9
2008,KY,72.8
2009,KY,71.2
2010,KY,70.3
2011,KY,69.1
2012,KY,68.7
2013,KY,67.5
2014,KY,67.6
2015,KY,67.9
2016,KY,67.9
2017,KY,70.1
2018,KY,69.8
2019,KY,69.5
2020,KY,72.5
2021,KY,72.1
2022,KY,71.4
2023,KY,69.4
1984,ME,74.1
1985,ME,73.7
1986,ME,74.0
1987,ME,73.2
1988,ME,72.2
1989,ME,73.6
1990,ME,74.2
1991,ME,72.0
1992,ME,72.0
1993,ME,71.9
1994,ME,72.6
1995,ME,76.7
1996,ME,76.5
1997,ME,74.9
1998,ME,74.6
1999,ME,77.4
2000,ME,76.5
2001,ME,75.5
2002,ME,74.0
2003,ME,73.7
2004,ME,74.7
2005,ME,73.9
2006,ME,75.3
2007,ME,74.3
2008,ME,73.9
2009,ME,74.0
2010,ME,73.8
2011,ME,73.9
2012,ME,74.1
2013,ME,73.5
2014,ME,71.0
2015,ME,69.9
2016,ME,72.6
2017,ME,71.0
2018,ME,71.2
2019,ME,73.8
2020,ME,77.1
2021,ME,75.9
2022,ME,74.9
2023,ME,75.5
1984,NY,51.1
1985,NY,50.3
1986,NY,51.3
1987,NY,52.0
1988,NY,50.7
1989,NY,52.3
1990,NY,53.3
1991,NY,52.6
1992,NY,53.3
1993,NY,52.8
1994,NY,52.5
1995,NY,52.7
1996,NY,52.7
1997,NY,52.6
1998,NY,52.8
1999,NY,52.8
2000,NY,53.4
2001,NY,53.9
2002,NY,54.8
2003,NY,54.3
2004,NY,54.8
2005,NY,55.9
2006,NY,55.7
2007,NY,55.9
2008,NY,55.0
2009,NY,54.4
2010,NY,54.5
2011,NY,53.6
2012,NY,53.6
2013,NY,53.0
2014,NY,52.9
2015,NY,51.5
2016,NY,51.5
2017,NY,51.1
2018,NY,51.0
2019,NY,52.0
2020,NY,53.6
2021,NY,53.6
2022,NY,53.9
2023,NY,53.3
1984,NV,58.9
1985,NV,57.0
1986,NV,54.5
1987,NV,54.1
1988,NV,54.3
1989,NV,54.3
1990,NV,55.8
1991,NV,55.8
1992,NV,55.1
1993,NV,55.8
1994,NV,55.8
1995,NV,58.6
1996,NV,61.1
1997,NV,61.2
1998,NV,61.4
1999,NV,63.7
2000,NV,64.0
2001,NV,64.6
2002,NV,65.3
2003,NV,64.8
2004,NV,65.7
2005,NV,63.4
2006,NV,65.7
2007,NV,63.3
2008,NV,63.6
2009,NV,62.4
2010,NV,59.7
2011,NV,56.2
2012,NV,55.7
2013,NV,56.0
2014,NV,56.0
2015,NV,54.8
2016,NV,54.5
2017,NV,55.0
2018,NV,57.8
2019,NV,58.2
2020,NV,61.2
2021,NV,60.5
2022,NV,60.3
2023,NV,61.2
1984,AK,57.6
1985,AK,61.2
1986,AK,61.5
1987,AK,59.7
1988,AK,57.0
1989,AK,58.7
1990,AK,58.4
1991,AK,57.1
1992,AK,55.5
1993,AK,55.4
1994,AK,58.8
1995,AK,60.9
1996,AK,62.9
1997,AK,67.2
1998,AK,66.3
1999,AK,66.4
2000,AK,66.4
2001,AK,65.3
2002,AK,67.1
2003,AK,70.0
2004,AK,67.2
2005,AK,66.0
2006,AK,67.2
2007,AK,66.6
2008,AK,66.4
2009,AK,66.8
2010,AK,65.7
2011,AK,64.4
2012,AK,63.7
2013,AK,64.6
2014,AK,64.9
2015,AK,62.3
2016,AK,65.2
2017,AK,65.5
2018,AK,63.7
2019,AK,62.6
2020,AK,64.1
2021,AK,64.0
2022,AK,65.1
2023,AK,64.3
1984,MI,72.7
1985,MI,70.7
1986,MI,70.9
1987,MI,71.7
1988,MI,72.5
1989,MI,73.2
1990,MI,72.3
1991,MI,70.6
1992,MI,70.6
1993,MI,72.3
1994,MI,72.0
1995,MI,72.2
1996,MI,73.3
1997,MI,73.3
1998,MI,74.4
1999,MI,76.5
2000,MI,77.2
2001,MI,77.1
2002,MI,76.0
2003,MI,75.6
2004,MI,77.1
2005,MI,76.4
2006,MI,77.4
2007,MI,76.4
2008,MI,75.9
2009,MI,74.5
2010,MI,74.5
2011,MI,74.1
2012,MI,74.8
2013,MI,73.9
2014,MI,73.8
2015,MI,74.6
2016,MI,72.8
2017,MI,72.9
2018,MI,73.0
2019,MI,73.0
2020,MI,74.3
2021,MI,73.0
2022,MI,74.0
2023,MI,74.1
1984,AR,65.9
1985,AR,66.6
1986,AR,67.5
1987,AR,68.1
1988,AR,67.0
1989,AR,66.3
1990,AR,67.8
1991,AR,68.6
1992,AR,70.3
1993,AR,70.5
1994,AR,68.1
1995,AR,67.2
1996,AR,66.6
1997,AR,66.7
1998,AR,66.7
1999,AR,65.6
2000,AR,68.9
2001,AR,71.2
2002,AR,70.3
2003,AR,69.6
2004,AR,69.1
2005,AR,69.2
2006,AR,70.8
2007,AR,69.5
2008,AR,68.9
2009,AR,68.5
2010,AR,67.9
2011,AR,67.6
2012,AR,66.0
2013,AR,65.4
2014,AR,65.4
2015,AR,67.1
2016,AR,67.6
2017,AR,65.0
2018,AR,64.7
2019,AR,65.3
2020,AR,68.8
2021,AR,66.1
2022,AR,66.8
2023,AR,65.9
1984,MS,72.3
1985,MS,69.6
1986,MS,70.4
1987,MS,72.5
1988,MS,73.7
1989,MS,72.2
1990,MS,69.4
1991,MS,71.8
1992,MS,70.4
1993,MS,69.7
1994,MS,69.2
1995,MS,71.1
1996,MS,73.0
1997,MS,73.7
1998,MS,75.1
1999,MS,74.9
2000,MS,75.2
2001,MS,74.5
2002,MS,74.9
2003,MS,73.4
2004,MS,74.0
2005,MS,78.8
2006,MS,76.2
2007,MS,74.0
2008,MS,75.4
2009,MS,75.5
2010,MS,74.8
2011,MS,74.8
2012,MS,74.2
2013,MS,74.2
2014,MS,73.2
2015,MS,70.7
2016,MS,69.7
2017,MS,71.0
2018,MS,72.5
2019,MS,72.7
2020,MS,74.2
2021,MS,71.3
2022,MS,73.1
2023,MS,75.5
1984,MO,69.5
1985,MO,69.2
1986,MO,67.8
1987,MO,66.1
1988,MO,64.8
1989,MO,63.7
1990,MO,64.0
1991,MO,64.2
1992,MO,65.2
1993,MO,66.4
1994,MO,68.4
1995,MO,69.4
1996,MO,70.2
1997,MO,70.5
1998,MO,70.7
1999,MO,72.9
2000,MO,74.2
2001,MO,74.0
2002,MO,74.8
2003,MO,74.0
2004,MO,72.4
2005,MO,72.3
2006,MO,71.9
2007,MO,70.4
2008,MO,71.4
2009,MO,72.0
2010,MO,71.2
2011,MO,71.1
2012,MO,70.8
2013,MO,71.3
2014,MO,70.5
2015,MO,68.5
2016,MO,66.7
2017,MO,67.6
2018,MO,69.7
2019,MO,69.1
2020,MO,71.1
2021,MO,72.8
2022,MO,70.6
2023,MO,68.7
1984,MT,66.4
1985,MT,66.5
1986,MT,64.4
1987,MT,65.0
1988,MT,65.4
1989,MT,67.9
1990,MT,69.1
1991,MT,69.6
1992,MT,69.9
1993,MT,69.7
1994,MT,68.8
1995,MT,68.7
1996,MT,68.6
1997,MT,67.5
1998,MT,68.6
1999,MT,70.6
2000,MT,70.2
2001,MT,68.3
2002,MT,69.4
2003,MT,71.5
2004,MT,72.4
2005,MT,70.4
2006,MT,69.5
2007,MT,67.3
2008,MT,70.3
2009,MT,70.7
2010,MT,68.1
2011,MT,68.4
2012,MT,67.8
2013,MT,67.4
2014,MT,66.9
2015,MT,66.4
2016,MT,67.1
2017,MT,67.6
2018,MT,67.4
2019,MT,68.7
2020,MT,68.4
2021,MT,68.1
2022,MT,68.3
2023,MT,71.0
1984,KS,72.7
1985,KS,68.3
1986,KS,66.4
1987,KS,67.9
1988,KS,68.6
1989,KS,68.1
1990,KS,69.0
1991,KS,69.7
1992,KS,69.8
1993,KS,68.9
1994,KS,69.0
1995,KS,67.5
1996,KS,67.5
1997,KS,66.5
1998,KS,66.7
1999,KS,67.5
2000,KS,69.3
2001,KS,70.4
2002,KS,70.3
2003,KS,70.3
2004,KS,69.9
2005,KS,69.5
2006,KS,70.0
2007,KS,69.4
2008,KS,68.8
2009,KS,67.4
2010,KS,67.4
2011,KS,65.4
2012,KS,63.2
2013,KS,63.5
2014,KS,64.7
2015,KS,64.9
2016,KS,67.1
2017,KS,66.0
2018,KS,67.3
2019,KS,69.2
2020,KS,69.5
2021,KS,69.3
2022,KS,69.0
2023,KS,68.5
1984,IN,69.9
1985,IN,67.6
1986,IN,67.6
1987,IN,69.1
1988,IN,68.3
1989,IN,68.2
1990,IN,67.0
1991,IN,66.1
1992,IN,67.6
1993,IN,68.7
1994,IN,68.4
1995,IN,71.0
1996,IN,74.2
1997,IN,74.1
1998,IN,72.6
1999,IN,72.9
2000,IN,74.9
2001,IN,75.3
2002,IN,75.1
2003,IN,74.4
2004,IN,75.8
2005,IN,75.0
2006,IN,74.2
2007,IN,73.8
2008,IN,74.4
2009,IN,72.0
2010,IN,71.2
2011,IN,72.1
2012,IN,72.1
2013,IN,71.7
2014,IN,70.1
2015,IN,69.4
2016,IN,70.9
2017,IN,70.0
2018,IN,69.8
2019,IN,69.5
2020,IN,72.7
2021,IN,73.0
2022,IN,72.6
2023,IN,73.3
1984,SD,69.6
1985,SD,67.6
1986,SD,65.9
1987,SD,66.8
1988,SD,66.4
1989,SD,65.8
1990,SD,66.2
1991,SD,66.1
1992,SD,66.5
1993,SD,65.6
1994,SD,66.4
1995,SD,67.5
1996,SD,67.8
1997,SD,67.6
1998,SD,67.3
1999,SD,70.7
2000,SD,71.2
2001,SD,71.5
2002,SD,71.5
2003,SD,70.9
2004,SD,68.5
2005,SD,68.4
2006,SD,70.6
2007,SD,70.4
2008,SD,70.4
2009,SD,69.6
2010,SD,70.6
2011,SD,69.3
2012,SD,69.2
2013,SD,67.8
2014,SD,69.2
2015,SD,70.1
2016,SD,69.4
2017,SD,67.8
2018,SD,69.1
2019,SD,69.5
2020,SD,71.4
2021,SD,71.1
2022,SD,70.8
2023,SD,69.3
1984,MA,61.7
1985,MA,60.5
1986,MA,60.3
1987,MA,60.6
1988,MA,60.0
1989,MA,58.9
1990,MA,58.6
1991,MA,60.2
1992,MA,61.8
1993,MA,60.7
1994,MA,60.6
1995,MA,60.2
1996,MA,61.7
1997,MA,62.3
1998,MA,61.3
1999,MA,60.3
2000,MA,59.9
2001,MA,60.6
2002,MA,62.6
2003,MA,64.3
2004,MA,63.8
2005,MA,63.4
2006,MA,65.2
2007,MA,64.3
2008,MA,65.7
2009,MA,65.1
2010,MA,65.3
2011,MA,65.3
2012,MA,65.8
2013,MA,65.3
2014,MA,63.0
2015,MA,60.5
2016,MA,59.7
2017,MA,60.0
2018,MA,61.5
2019,MA,61.3
2020,MA,62.7
2021,MA,62.0
2022,MA,61.2
2023,MA,61.9
1984,VA,68.3
1985,VA,68.5
1986,VA,68.2
1987,VA,69.0
1988,VA,69.8
1989,VA,70.2
1990,VA,69.8
1991,VA,68.9
1992,VA,67.8
1993,VA,68.5
1994,VA,69.3
1995,VA,68.1
1996,VA,68.5
1997,VA,68.4
1998,VA,69.4
1999,VA,71.2
2000,VA,73.9
2001,VA,75.1
2002,VA,74.4
2003,VA,75.0
2004,VA,73.4
2005,VA,71.2
2006,VA,71.1
2007,VA,71.5
2008,VA,70.6
2009,VA,69.7
2010,VA,68.7
2011,VA,67.9
2012,VA,67.8
2013,VA,68.1
2014,VA,68.7
2015,VA,67.1
2016,VA,66.3
2017,VA,67.5
2018,VA,66.0
2019,VA,67.6
2020,VA,70.4
2021,VA,68.0
2022,VA,67.4
2023,VA,69.1
1984,DC,37.3
1985,DC,37.4
1986,DC,34.6
1987,DC,35.8
1988,DC,37.5
1989,DC,38.7
1990,DC,36.4
1991,DC,35.1
1992,DC,35.0
1993,DC,35.7
1994,DC,37.8
1995,DC,39.2
1996,DC,40.4
1997,DC,42.5
1998,DC,40.3
1999,DC,40.0
2000,DC,41.9
2001,DC,42.7
2002,DC,44.1
2003,DC,43.0
2004,DC,45.6
2005,DC,45.8
2006,DC,45.9
2007,DC,47.2
2008,DC,44.1
2009,DC,44.9
2010,DC,45.6
2011,DC,44.8
2012,DC,45.0
2013,DC,44.6
2014,DC,41.5
2015,DC,40.4
2016,DC,40.8
2017,DC,40.3
2018,DC,39.9
2019,DC,40.2
2020,DC,42.5
2021,DC,42.3
2022,DC,42.3
2023,DC,40.2
1984,IA,71.3
1985,IA,69.9
1986,IA,69.2
1987,IA,67.7
1988,IA,68.3
1989,IA,69.6
1990,IA,70.7
1991,IA,68.4
1992,IA,66.3
1993,IA,68.2
1994,IA,70.1
1995,IA,71.4
1996,IA,72.8
1997,IA,72.7
1998,IA,72.1
1999,IA,73.9
2000,IA,75.2
2001,IA,76.6
2002,IA,73.9
2003,IA,73.4
2004,IA,73.2
2005,IA,73.9
2006,IA,74.0
2007,IA,73.7
2008,IA,74.0
2009,IA,72.4
2010,IA,71.1
2011,IA,71.2
2012,IA,70.2
2013,IA,69.8
2014,IA,69.4
2015,IA,68.8
2016,IA,70.0
2017,IA,70.0
2018,IA,68.9
2019,IA,69.5
2020,IA,72.1
2021,IA,72.1
2022,IA,73.8
2023,IA,71.8
1984,AZ,65.2
1985,AZ,64.7
1986,AZ,62.5
1987,AZ,63.3
1988,AZ,66.1
1989,AZ,63.9
1990,AZ,64.5
1991,AZ,66.3
1992,AZ,69.3
1993,AZ,69.1
1994,AZ,67.7
1995,AZ,62.9
1996,AZ,62.0
1997,AZ,63.0
1998,AZ,64.3
1999,AZ,66.3
2000,AZ,68.0
2001,AZ,68.1
2002,AZ,65.6
2003,AZ,67.0
2004,AZ,68.7
2005,AZ,71.1
2006,AZ,71.6
2007,AZ,70.4
2008,AZ,69.1
2009,AZ,68.9
2010,AZ,66.6
2011,AZ,66.0
2012,AZ,65.3
2013,AZ,65.1
2014,AZ,63.5
2015,AZ,61.7
2016,AZ,61.9
2017,AZ,64.4
2018,AZ,65.7
2019,AZ,65.8
2020,AZ,68.7
2021,AZ,65.2
2022,AZ,68.1
2023,AZ,69.7
